Cluster,Sample_Count,PC1_Mean,PC1_Std,PC2_Mean,PC2_Std,Silhouette_Score,Calinski_Harabasz,Davies_Bouldin
0,3,-0.1744,0.0373,0.304,0.0379,0.4847998977041036,120.19438519758327,0.5612718183713659
1,4,0.0116,0.0448,-0.2786,0.0449,0.4847998977041036,120.19438519758327,0.5612718183713659
2,2,0.626,0.0151,0.1753,0.0074,0.4847998977041036,120.19438519758327,0.5612718183713659
3,2,0.0181,0.0288,-0.0148,0.0234,0.4847998977041036,120.19438519758327,0.5612718183713659
4,3,0.0163,0.0403,-0.1427,0.023,0.4847998977041036,120.19438519758327,0.5612718183713659
5,2,-0.1229,0.0019,-0.2497,0.0141,0.4847998977041036,120.19438519758327,0.5612718183713659
6,3,-0.1447,0.0411,0.2162,0.0224,0.4847998977041036,120.19438519758327,0.5612718183713659
7,2,-0.0759,0.0428,0.0789,0.018,0.4847998977041036,120.19438519758327,0.5612718183713659
